actor,sentence,emotion,mean_rms,n_decoded
1,1,anger,0.11343867,35
1,1,disgust,0.089914866,35
1,1,fear,0.08464005,35
1,1,happy,0.091297366,35
1,1,neutral,0.10999783,35
1,1,sad,0.1011865,35
1,1,sarcastic,0.09621597,35
1,1,surprise,0.09749626,35
1,2,anger,0.09704649,35
1,2,disgust,0.096958265,35
1,2,fear,0.0985936,35
1,2,happy,0.09095318,35
1,2,neutral,0.10300635,35
1,2,sad,0.09614718,35
1,2,sarcastic,0.10139239,35
1,2,surprise,0.098929346,35
1,3,anger,0.09852963,35
1,3,disgust,0.10601915,35
1,3,fear,0.1094921,35
1,3,happy,0.115491524,35
1,3,neutral,0.12695213,35
1,3,sad,0.09662364,35
1,3,sarcastic,0.10666702,35
1,3,surprise,0.109665826,35
1,4,anger,0.11740402,35
1,4,disgust,0.111815564,35
1,4,fear,0.10911906,35
1,4,happy,0.10440718,35
1,4,neutral,0.12203034,35
1,4,sad,0.11059366,35
1,4,sarcastic,0.112323195,35
1,4,surprise,0.11627562,35
1,5,anger,0.11852774,35
1,5,disgust,0.113523446,35
1,5,fear,0.11767424,35
1,5,happy,0.11694372,35
1,5,neutral,0.12151853,35
1,5,sad,0.1176058,35
1,5,sarcastic,0.112929225,35
1,5,surprise,0.12030526,35
1,6,anger,0.13104917,35
1,6,disgust,0.12709536,35
1,6,fear,0.114166714,35
1,6,happy,0.11564843,35
1,6,neutral,0.13251336,35
1,6,sad,0.12451687,35
1,6,sarcastic,0.10964846,35
1,6,surprise,0.10328274,35
1,7,anger,0.11778677,35
1,7,disgust,0.102672845,35
1,7,fear,0.10118846,35
1,7,happy,0.104440145,35
1,7,neutral,0.12241809,35
1,7,sad,0.0960659,35
1,7,sarcastic,0.10409916,35
1,7,surprise,0.107529,35
1,8,anger,0.1324045,35
1,8,disgust,0.12732683,35
1,8,fear,0.12109142,35
1,8,happy,0.1202881,35
1,8,neutral,0.1399951,35
1,8,sad,0.1259976,35
1,8,sarcastic,0.113622494,35
1,8,surprise,0.10831036,35
1,9,anger,0.10606643,35
1,9,disgust,0.11809067,35
1,9,fear,0.10129967,35
1,9,happy,0.11625798,35
1,9,neutral,0.11992739,35
1,9,sad,0.10951062,35
1,9,sarcastic,0.099925876,35
1,9,surprise,0.09323698,35
1,10,anger,0.12640657,35
1,10,disgust,0.11976302,35
1,10,fear,0.09949522,35
1,10,happy,0.11689104,35
1,10,neutral,0.1244934,35
1,10,sad,0.117159136,35
1,10,sarcastic,0.11215271,35
1,10,surprise,0.114926666,35
2,1,anger,0.106102765,35
2,1,disgust,0.11348799,35
2,1,fear,0.1231051,35
2,1,happy,0.1301416,35
2,1,neutral,0.12269477,35
2,1,sad,0.10351733,35
2,1,sarcastic,0.11026529,35
2,1,surprise,0.12451451,35
2,2,anger,0.106961794,35
2,2,disgust,0.10596667,35
2,2,fear,0.105570726,35
2,2,happy,0.11141746,35
2,2,neutral,0.11170318,35
2,2,sad,0.107911,35
2,2,sarcastic,0.1143455,35
2,2,surprise,0.106328286,35
2,3,anger,0.13300222,35
2,3,disgust,0.12400913,35
2,3,fear,0.12771311,35
2,3,happy,0.14455687,35
2,3,neutral,0.13648109,35
2,3,sad,0.13211933,35
2,3,sarcastic,0.13416359,35
2,3,surprise,0.13596925,35
2,4,anger,0.124380305,35
2,4,disgust,0.13021244,35
2,4,fear,0.12006107,35
2,4,happy,0.12199485,35
2,4,neutral,0.13572791,35
2,4,sad,0.1279207,35
2,4,sarcastic,0.12513937,35
2,4,surprise,0.14139286,35
2,5,anger,0.1316579,35
2,5,disgust,0.12762251,35
2,5,fear,0.11666295,35
2,5,happy,0.14746071,35
2,5,neutral,0.13273422,35
2,5,sad,0.12524024,35
2,5,sarcastic,0.12870018,35
2,5,surprise,0.13130668,35
2,6,anger,0.13907659,35
2,6,disgust,0.13691108,35
2,6,fear,0.118021734,35
2,6,happy,0.13999216,35
2,6,neutral,0.15507048,35
2,6,sad,0.123723164,35
2,6,sarcastic,0.14447857,35
2,6,surprise,0.1433227,35
2,7,anger,0.12435035,35
2,7,disgust,0.12710115,35
2,7,fear,0.11815469,35
2,7,happy,0.13503487,35
2,7,neutral,0.11557651,35
2,7,sad,0.11718855,35
2,7,sarcastic,0.1206542,35
2,7,surprise,0.13912234,35
2,8,anger,0.14007428,35
2,8,disgust,0.13117751,35
2,8,fear,0.114854336,35
2,8,happy,0.14912073,35
2,8,neutral,0.16102006,35
2,8,sad,0.13202444,35
2,8,sarcastic,0.13526358,35
2,8,surprise,0.16092058,35
2,9,anger,0.13115546,35
2,9,disgust,0.12137352,35
2,9,fear,0.11785446,35
2,9,happy,0.14090157,35
2,9,neutral,0.14521113,35
2,9,sad,0.12359036,35
2,9,sarcastic,0.13792442,35
2,9,surprise,0.14115898,35
2,10,anger,0.1244848,35
2,10,disgust,0.10828896,35
2,10,fear,0.11831963,35
2,10,happy,0.12267249,35
2,10,neutral,0.13852395,35
2,10,sad,0.11854818,35
2,10,sarcastic,0.124497265,35
2,10,surprise,0.12775154,35
3,1,anger,0.10294115,35
3,1,disgust,0.10272456,35
3,1,fear,0.11742945,35
3,1,happy,0.108567744,35
3,1,neutral,0.113721356,35
3,1,sad,0.11603033,35
3,1,sarcastic,0.12170032,35
3,1,surprise,0.11813086,35
3,2,anger,0.111480296,35
3,2,disgust,0.10562949,35
3,2,fear,0.11988074,35
3,2,happy,0.11836398,35
3,2,neutral,0.11361476,35
3,2,sad,0.118994944,35
3,2,sarcastic,0.10453568,35
3,2,surprise,0.11496176,35
3,3,anger,0.12565011,35
3,3,disgust,0.11685769,35
3,3,fear,0.12603354,35
3,3,happy,0.1268473,35
3,3,neutral,0.11850576,35
3,3,sad,0.13637386,35
3,3,sarcastic,0.12168307,35
3,3,surprise,0.12615404,35
3,4,anger,0.11461786,35
3,4,disgust,0.1267093,35
3,4,fear,0.12962194,35
3,4,happy,0.1319793,35
3,4,neutral,0.12745166,35
3,4,sad,0.1278238,35
3,4,sarcastic,0.12156626,35
3,4,surprise,0.123640604,35
3,5,anger,0.11438016,35
3,5,disgust,0.117183074,35
3,5,fear,0.13908945,35
3,5,happy,0.12739448,35
3,5,neutral,0.124586776,35
3,5,sad,0.12660532,35
3,5,sarcastic,0.12376213,35
3,5,surprise,0.119103715,35
3,6,anger,0.12543544,35
3,6,disgust,0.13859475,35
3,6,fear,0.1340851,35
3,6,happy,0.12483028,35
3,6,neutral,0.14250457,35
3,6,sad,0.13662948,35
3,6,sarcastic,0.1432363,35
3,6,surprise,0.14477496,35
3,7,anger,0.10933641,35
3,7,disgust,0.11476033,35
3,7,fear,0.119160846,35
3,7,happy,0.12572335,35
3,7,neutral,0.14257503,35
3,7,sad,0.13129312,35
3,7,sarcastic,0.13052522,35
3,7,surprise,0.11863838,35
3,8,anger,0.13007157,35
3,8,disgust,0.136493,35
3,8,fear,0.14612272,35
3,8,happy,0.13887882,35
3,8,neutral,0.14323704,35
3,8,sad,0.139718,35
3,8,sarcastic,0.14102094,35
3,8,surprise,0.14105806,35
3,9,anger,0.12371807,35
3,9,disgust,0.11649464,35
3,9,fear,0.12437401,35
3,9,happy,0.12203029,35
3,9,neutral,0.13421287,35
3,9,sad,0.12814243,35
3,9,sarcastic,0.1267008,35
3,9,surprise,0.114059195,35
3,10,anger,0.12591527,35
3,10,disgust,0.11776834,35
3,10,fear,0.13038224,35
3,10,happy,0.13061261,35
3,10,neutral,0.12669857,35
3,10,sad,0.12745848,35
3,10,sarcastic,0.13291764,35
3,10,surprise,0.11890229,35
4,1,anger,0.12022122,35
4,1,disgust,0.10161642,35
4,1,fear,0.1028493,35
4,1,happy,0.11163862,35
4,1,neutral,0.12138115,35
4,1,sad,0.11195473,35
4,1,sarcastic,0.11420325,35
4,1,surprise,0.11249305,35
4,2,anger,0.116097845,35
4,2,disgust,0.098725766,35
4,2,fear,0.111134276,35
4,2,happy,0.09845476,35
4,2,neutral,0.111908816,35
4,2,sad,0.110960715,35
4,2,sarcastic,0.112460576,35
4,2,surprise,0.10580652,35
4,3,anger,0.12950303,35
4,3,disgust,0.105475925,35
4,3,fear,0.11407757,35
4,3,happy,0.1147478,35
4,3,neutral,0.103508145,35
4,3,sad,0.12215841,35
4,3,sarcastic,0.110039406,35
4,3,surprise,0.10547027,35
4,4,anger,0.119372964,35
4,4,disgust,0.10953533,35
4,4,fear,0.12732907,35
4,4,happy,0.1265456,35
4,4,neutral,0.12135402,35
4,4,sad,0.1426321,35
4,4,sarcastic,0.1277242,35
4,4,surprise,0.11521496,35
4,5,anger,0.13540642,35
4,5,disgust,0.12010716,35
4,5,fear,0.1162237,35
4,5,happy,0.11965144,35
4,5,neutral,0.11947565,35
4,5,sad,0.123348534,35
4,5,sarcastic,0.12405376,35
4,5,surprise,0.12710992,35
4,6,anger,0.12251755,35
4,6,disgust,0.12584691,35
4,6,fear,0.11526522,35
4,6,happy,0.124381036,35
4,6,neutral,0.121937804,35
4,6,sad,0.14354645,35
4,6,sarcastic,0.12693526,35
4,6,surprise,0.1286398,35
4,7,anger,0.12422384,35
4,7,disgust,0.090027474,35
4,7,fear,0.122676045,35
4,7,happy,0.11162649,35
4,7,neutral,0.14161736,35
4,7,sad,0.11933361,35
4,7,sarcastic,0.12047465,35
4,7,surprise,0.109971404,35
4,8,anger,0.12892906,35
4,8,disgust,0.128515,35
4,8,fear,0.12448184,35
4,8,happy,0.11018271,35
4,8,neutral,0.114918515,35
4,8,sad,0.13543725,35
4,8,sarcastic,0.12707168,35
4,8,surprise,0.12618834,35
4,9,anger,0.11391161,35
4,9,disgust,0.12612773,35
4,9,fear,0.11999619,35
4,9,happy,0.12901156,35
4,9,neutral,0.12303004,35
4,9,sad,0.12591198,35
4,9,sarcastic,0.12556197,35
4,9,surprise,0.11734574,35
4,10,anger,0.12697998,35
4,10,disgust,0.122798786,35
4,10,fear,0.12559423,35
4,10,happy,0.12440096,35
4,10,neutral,0.11982645,35
4,10,sad,0.13253671,35
4,10,sarcastic,0.12264536,35
4,10,surprise,0.11665625,35
5,1,anger,0.11774379,35
5,1,disgust,0.1018079,35
5,1,fear,0.12393039,35
5,1,happy,0.09433623,35
5,1,neutral,0.110402144,35
5,1,sad,0.10348672,35
5,1,sarcastic,0.09893736,35
5,1,surprise,0.09962766,35
5,2,anger,0.118955664,35
5,2,disgust,0.08484228,35
5,2,fear,0.09349807,35
5,2,happy,0.10144205,35
5,2,neutral,0.09883114,35
5,2,sad,0.09681525,35
5,2,sarcastic,0.096211635,35
5,2,surprise,0.10095251,35
5,3,anger,0.1129372,35
5,3,disgust,0.10100698,35
5,3,fear,0.123933114,35
5,3,happy,0.09913949,35
5,3,neutral,0.1107742,35
5,3,sad,0.123227,35
5,3,sarcastic,0.114127755,35
5,3,surprise,0.09809587,35
5,4,anger,0.103979535,35
5,4,disgust,0.10503684,35
5,4,fear,0.116051495,35
5,4,happy,0.10366236,35
5,4,neutral,0.11394186,35
5,4,sad,0.108530805,35
5,4,sarcastic,0.10807073,35
5,4,surprise,0.09590248,35
5,5,anger,0.11705532,35
5,5,disgust,0.10648474,35
5,5,fear,0.12983368,35
5,5,happy,0.11349142,35
5,5,neutral,0.115754865,35
5,5,sad,0.115392074,35
5,5,sarcastic,0.0956849,35
5,5,surprise,0.10260065,35
5,6,anger,0.12028602,35
5,6,disgust,0.114860274,35
5,6,fear,0.13098776,35
5,6,happy,0.12203557,35
5,6,neutral,0.11756221,35
5,6,sad,0.1229374,35
5,6,sarcastic,0.11623131,35
5,6,surprise,0.10785282,35
5,7,anger,0.110589065,35
5,7,disgust,0.097808026,35
5,7,fear,0.11962825,35
5,7,happy,0.112925954,35
5,7,neutral,0.12107558,35
5,7,sad,0.11424169,35
5,7,sarcastic,0.0990301,35
5,7,surprise,0.10063684,35
5,8,anger,0.11467773,35
5,8,disgust,0.114186615,35
5,8,fear,0.12903066,35
5,8,happy,0.108139895,35
5,8,neutral,0.120539136,35
5,8,sad,0.1340015,35
5,8,sarcastic,0.1126492,35
5,8,surprise,0.10674325,35
5,9,anger,0.106399514,35
5,9,disgust,0.10620791,35
5,9,fear,0.12679537,35
5,9,happy,0.11255834,35
5,9,neutral,0.11078559,35
5,9,sad,0.11557796,35
5,9,sarcastic,0.09732398,35
5,9,surprise,0.10612246,35
5,10,anger,0.10338733,35
5,10,disgust,0.09426894,35
5,10,fear,0.123510264,35
5,10,happy,0.11291231,35
5,10,neutral,0.11168826,35
5,10,sad,0.11167824,35
5,10,sarcastic,0.10855551,35
5,10,surprise,0.10536562,35
6,1,anger,0.112658866,35
6,1,disgust,0.09238177,35
6,1,fear,0.1185198,35
6,1,happy,0.11395347,35
6,1,neutral,0.11711242,35
6,1,sad,0.12339258,35
6,1,sarcastic,0.10039307,35
6,1,surprise,0.1112375,35
6,2,anger,0.1119977,35
6,2,disgust,0.09604842,35
6,2,fear,0.10157529,35
6,2,happy,0.10190871,35
6,2,neutral,0.111963086,35
6,2,sad,0.10901058,35
6,2,sarcastic,0.0888046,35
6,2,surprise,0.096521996,35
6,3,anger,0.11190434,35
6,3,disgust,0.117857635,35
6,3,fear,0.10865949,35
6,3,happy,0.11357241,35
6,3,neutral,0.12200861,35
6,3,sad,0.17883596,35
6,3,sarcastic,0.10525708,35
6,3,surprise,0.10549566,35
6,4,anger,0.10577468,35
6,4,disgust,0.113817774,35
6,4,fear,0.11567466,35
6,4,happy,0.10420176,35
6,4,neutral,0.12590261,35
6,4,sad,0.19414254,35
6,4,sarcastic,0.10967789,35
6,4,surprise,0.10923843,35
6,5,anger,0.12152669,35
6,5,disgust,0.12017393,35
6,5,fear,0.11078692,35
6,5,happy,0.12890029,35
6,5,neutral,0.12920462,35
6,5,sad,0.16783889,35
6,5,sarcastic,0.10819131,35
6,5,surprise,0.109019905,35
6,6,anger,0.1118181,35
6,6,disgust,0.10221648,35
6,6,fear,0.12500168,35
6,6,happy,0.11957953,35
6,6,neutral,0.12784474,35
6,6,sad,0.16096464,35
6,6,sarcastic,0.10253012,35
6,6,surprise,0.113415554,35
6,7,anger,0.111361355,35
6,7,disgust,0.12121582,35
6,7,fear,0.11687566,35
6,7,happy,0.12371292,35
6,7,neutral,0.12647828,35
6,7,sad,0.16188411,35
6,7,sarcastic,0.11405502,35
6,7,surprise,0.10840101,35
6,8,anger,0.12615241,35
6,8,disgust,0.11840549,35
6,8,fear,0.12287065,35
6,8,happy,0.12961906,35
6,8,neutral,0.1247526,35
6,8,sad,0.17453295,35
6,8,sarcastic,0.12656274,35
6,8,surprise,0.10436494,35
6,9,anger,0.12317611,35
6,9,disgust,0.1149871,35
6,9,fear,0.12326828,35
6,9,happy,0.11612289,35
6,9,neutral,0.111545,35
6,9,sad,0.18506095,35
6,9,sarcastic,0.11925312,35
6,9,surprise,0.10597741,35
6,10,anger,0.123526774,35
6,10,disgust,0.119015254,35
6,10,fear,0.12665087,35
6,10,happy,0.1199276,35
6,10,neutral,0.13031721,35
6,10,sad,0.17692772,35
6,10,sarcastic,0.12015803,35
6,10,surprise,0.10368648,35
7,1,anger,0.1188515,35
7,1,disgust,0.10776543,35
7,1,fear,0.11063183,35
7,1,happy,0.11933008,35
7,1,neutral,0.11031913,35
7,1,sad,0.10967498,35
7,1,sarcastic,0.109173864,35
7,1,surprise,0.09243445,35
7,2,anger,0.11192957,35
7,2,disgust,0.091470994,35
7,2,fear,0.11097969,35
7,2,happy,0.1087342,35
7,2,neutral,0.105951056,35
7,2,sad,0.09939714,35
7,2,sarcastic,0.09499488,35
7,2,surprise,0.10057042,35
7,3,anger,0.10755123,35
7,3,disgust,0.09363294,35
7,3,fear,0.10925198,35
7,3,happy,0.13316616,35
7,3,neutral,0.121268354,35
7,3,sad,0.13279924,35
7,3,sarcastic,0.09635114,35
7,3,surprise,0.117003866,35
7,4,anger,0.106910504,35
7,4,disgust,0.11974719,35
7,4,fear,0.11855346,35
7,4,happy,0.13486351,35
7,4,neutral,0.10749838,35
7,4,sad,0.11179639,35
7,4,sarcastic,0.09089649,35
7,4,surprise,0.113991454,35
7,5,anger,0.10674247,35
7,5,disgust,0.10236763,35
7,5,fear,0.12708125,35
7,5,happy,0.14496382,35
7,5,neutral,0.14061716,35
7,5,sad,0.12904923,35
7,5,sarcastic,0.10326982,35
7,5,surprise,0.11555976,35
7,6,anger,0.097502224,35
7,6,disgust,0.10409987,35
7,6,fear,0.1335702,35
7,6,happy,0.1414861,35
7,6,neutral,0.13467689,35
7,6,sad,0.1405192,35
7,6,sarcastic,0.11423448,35
7,6,surprise,0.10906064,35
7,7,anger,0.10747037,35
7,7,disgust,0.10142629,35
7,7,fear,0.1318986,35
7,7,happy,0.12988628,35
7,7,neutral,0.13454254,35
7,7,sad,0.12943596,35
7,7,sarcastic,0.107568875,35
7,7,surprise,0.10441445,35
7,8,anger,0.11422773,35
7,8,disgust,0.123631775,35
7,8,fear,0.12967354,35
7,8,happy,0.1392921,35
7,8,neutral,0.12716863,35
7,8,sad,0.13588116,35
7,8,sarcastic,0.11974251,35
7,8,surprise,0.13024671,35
7,9,anger,0.118633546,35
7,9,disgust,0.086888604,35
7,9,fear,0.115593076,35
7,9,happy,0.13385539,35
7,9,neutral,0.12667914,35
7,9,sad,0.12261761,35
7,9,sarcastic,0.10409164,35
7,9,surprise,0.10134155,35
7,10,anger,0.10814871,35
7,10,disgust,0.11812151,35
7,10,fear,0.1304619,35
7,10,happy,0.127084,35
7,10,neutral,0.12672071,35
7,10,sad,0.12899062,35
7,10,sarcastic,0.107233256,35
7,10,surprise,0.10848186,35
8,1,anger,0.10497585,35
8,1,disgust,0.10432938,35
8,1,fear,0.11076914,35
8,1,happy,0.120744176,35
8,1,neutral,0.11671737,35
8,1,sad,0.12791601,35
8,1,sarcastic,0.11206214,35
8,1,surprise,0.10957357,35
8,2,anger,0.10246474,35
8,2,disgust,0.090380065,35
8,2,fear,0.09935839,35
8,2,happy,0.10057075,35
8,2,neutral,0.11856474,35
8,2,sad,0.10559575,35
8,2,sarcastic,0.1014094,35
8,2,surprise,0.09955045,35
8,3,anger,0.1051874,35
8,3,disgust,0.12062609,35
8,3,fear,0.11947811,35
8,3,happy,0.13381135,35
8,3,neutral,0.12818314,35
8,3,sad,0.13358936,35
8,3,sarcastic,0.12700339,35
8,3,surprise,0.12457292,35
8,4,anger,0.10644622,35
8,4,disgust,0.1090486,35
8,4,fear,0.1155838,35
8,4,happy,0.1219876,35
8,4,neutral,0.10819342,35
8,4,sad,0.11379223,35
8,4,sarcastic,0.110289164,35
8,4,surprise,0.11547327,35
8,5,anger,0.09955855,35
8,5,disgust,0.12506954,35
8,5,fear,0.123482704,35
8,5,happy,0.121917576,35
8,5,neutral,0.12876122,35
8,5,sad,0.13304867,35
8,5,sarcastic,0.11332428,35
8,5,surprise,0.12940411,35
8,6,anger,0.09315642,35
8,6,disgust,0.12354754,35
8,6,fear,0.12568897,35
8,6,happy,0.12106772,35
8,6,neutral,0.1352639,35
8,6,sad,0.121753894,35
8,6,sarcastic,0.09987763,35
8,6,surprise,0.11271177,35
8,7,anger,0.09772131,35
8,7,disgust,0.09723608,35
8,7,fear,0.12245357,35
8,7,happy,0.1088231,35
8,7,neutral,0.122324266,35
8,7,sad,0.12150158,35
8,7,sarcastic,0.10233791,35
8,7,surprise,0.115180776,35
8,8,anger,0.10533027,35
8,8,disgust,0.11745849,35
8,8,fear,0.13145484,35
8,8,happy,0.12626038,35
8,8,neutral,0.13180408,35
8,8,sad,0.12705453,35
8,8,sarcastic,0.123746164,35
8,8,surprise,0.13571712,35
8,9,anger,0.093293205,35
8,9,disgust,0.109915614,35
8,9,fear,0.112318315,35
8,9,happy,0.1185615,35
8,9,neutral,0.117629014,35
8,9,sad,0.10958789,35
8,9,sarcastic,0.10595369,35
8,9,surprise,0.101817615,35
8,10,anger,0.09800689,35
8,10,disgust,0.10511601,35
8,10,fear,0.117921665,35
8,10,happy,0.12094454,35
8,10,neutral,0.11981247,35
8,10,sad,0.12141701,35
8,10,sarcastic,0.11709312,35
8,10,surprise,0.11494824,35
